{
  "id": "c8ySchema",
  "title": "Tenants",
  "type": "object",
  "printFormat": "hidden",
  "properties": {
    "customProperties": {
      "title": "Custom properties",
      "type": "object",
      "printFormat": "hidden",
      "properties": {
        "externalReference": {
          "title": "External reference",
          "type": "string"
        },
        "limit.http.requests": {
          "title": "Limit http requests",
          "type": "integer",
          "minimum": 0
        },
        "limit.http.queue": {
          "title": "Limit http queue",
          "type": "integer",
          "minimum": 0
        },
        "limit.stream.requests": {
          "title": "Limit stream requests",
          "type": "integer",
          "minimum": 0
        },
        "limit.stream.queue": {
          "title": "Limit stream queue",
          "type": "integer",
          "minimum": 0
        }
      }
    }
  }
}
