{"name":"Core Cumulocity UI","ngModules":["c8y.ui"],"onlyModuleNameContextPath":true,"description":"Core UI framework for Cumulocity applications","imports":["c8ydata"],"ignoreIfUpgrade":["ui/containers/root.component.js","ui/navigation/breadcrumbs.component.js","ui/navigation/breadcrumbsSet.component.js","ui/navigation/navigator.component.js","ui/navigation/navigatorNode.component.js","ui/providers/navigator.js","node_modules/font-awesome/css/font-awesome.css"],"js":["main.js"],"css":["style.css"],"version":"9.15.1","compatibility":{"app":"core","contextPath":"core","rootContextPath":"core"},"contextPath":"core"}
