{
  "c8y_ModbusDeviceTypeInfo": {
    "name": "LoRaWAN Demonstrator",
    "minFieldbusUI": 4,
    "fieldbusType": "actility"
  },
  "c8y_Registers": [
    {
      "name": "Temperature measurement",
      "category": "Temperature",
      "messageId": 1,
      "messageIdConfiguration": {
        "messageIdMapping": {
          "startBit": 0,
          "noBits": 1
        },
        "source": "PAYLOAD"
      },
      "measurementMapping": {
        "series": "T",
        "type": "c8y_Temperature"
      },
      "divisor": 1,
      "multiplier": 1,
      "decimalPlaces": 0,
      "bcd": false,
      "signed": true,
      "startBit": 8,
      "noBits": 8,
      "unit": "C"
    },
    {
      "name": "Accelerometer trigger alarm",
      "category": "Accelerometer",
      "messageId": 1,
      "messageIdConfiguration": {
        "messageIdMapping": {
          "startBit": 1,
          "noBits": 1
        },
        "source": "PAYLOAD"
      },
      "alarmMapping": {
        "status": "ACTIVE",
        "severity": "MAJOR",
        "text": "Accelerometer was triggered",
        "type": "c8y_AccelerometerTriggered"
      },
      "divisor": 1,
      "multiplier": 1,
      "decimalPlaces": 0,
      "bcd": false,
      "signed": false,
      "startBit": 1,
      "noBits": 1
    },
    {
      "name": "Accelerometer cleared alarm",
      "category": "Accelerometer",
      "messageId": 0,
      "messageIdConfiguration": {
        "messageIdMapping": {
          "startBit": 1,
          "noBits": 1
        },
        "source": "PAYLOAD"
      },
      "alarmMapping": {
        "status": "CLEARED",
        "type": "c8y_AccelerometerTriggered"
      },
      "divisor": 1,
      "multiplier": 1,
      "decimalPlaces": 0,
      "bcd": false,
      "signed": false,
      "startBit": 1,
      "noBits": 1
    },
    {
      "name": "Button1 pressed event",
      "category": "Button1",
      "messageId": 1,
      "messageIdConfiguration": {
        "messageIdMapping": {
          "startBit": 2,
          "noBits": 1
        },
        "source": "PAYLOAD"
      },
      "eventMapping": {
        "type": "c8y_Button1PressedEvent",
        "text": "Button 1 was pressed"
      },
      "divisor": 1,
      "multiplier": 1,
      "decimalPlaces": 0,
      "bcd": false,
      "signed": false,
      "startBit": 2,
      "noBits": 1
    }
  ]
}
